location,lat,lon
"Huntsville, Alabama",34.729847,-86.5859011
"Montgomery, Alabama",32.37742,-86.3091683
"Athens, Alabama",34.8045487,-86.9711698
"Auburn, Alabama",32.6098566,-85.4807825
"Jasper, Alabama",,
"Birmingham, Alabama",,
"Tanner, Alabama",,
"Alexander City, Alabama",,
"Enterprise, Alabama",,
"Gadsden, Alabama",,
"Jacksonville, Alabama",,
"Andalusia, Alabama",,
"Marion, Alabama",,
"Fairfield, Alabama",,
"Boaz, Alabama",,
"Wadley, Alabama",,
"Mobile, Alabama",,
"Troy, Alabama",,
"Dothan, Alabama",,
"Phenix, Alabama",,
"Tuskeegee, Alabama",,
"Tuscaloosa, Alabama",,
"Montevallo, Alabama",,
"Florence, Alabama",,
"Livingston, Alabama",,
"Utqiagvik, Alaska",,
"Anchorage, Alaska",,
"Fairbanks, Alaska",,
"Juneau , Alaska",,
"Pago Pago, American Samoa",,
"Tempe, Arizona",,
"Yuma, Arizona",,
"Tsaile, Arizona",,
"Prescott, Arizona",,
"Phoenix, Arizona",,
"Glendale, Arizona",,
"Kingman, Arizona",,
"Flagstaff, Arizona",,
"Tucson, Arizona",,
"Blytheville, Arkansas",,
"Jonesboro, Arkansas",,
"Newport, Arkansas",,
"Russellville, Arkansas",,
"Pocahontas, Arkansas",,
"Conway, Arkansas",,
"De Queen, Arkansas",,
"Searcy, Arkansas",,
"Arkadelphia, Arkansas",,
"Siloam Springs, Arkansas",,
"Batesville, Arkansas",,
"Hot Springs, Arkansas",,
"Harrison, Arkansas",,
"Bentonville, Arkansas",,
"El Dorado, Arkansas",,
"Magnolia, Arkansas",,
"Fayetteville, Arkansas",,
"Mena, Arkansas",,
"Morrilton, Arkansas",,
"Texarkana, Arkansas",,
"Fort Smith, Arkansas",,
"Little Rock, Arkansas",,
"Monticello, Arkansas",,
"Pine Bluff, Arkansas",,
"North Little Rock, Arkansas",,
"Clarksville, Arkansas",,
"San Francisco, California",,
"Lancaster, California",,
"Azusa, California",,
"Bakersfield, California",,
"La Mirada, California",,
"Riverside, California",,
"Pasadena, California",,
"Thousand Oaks, California",,
"San Luis Obispo, California",,
"Pomona, California",,
"Vallejo, California",,
"Camarillo, California",,
"Chico, California",,
"Carson, California",,
"Hayward, California",,
"Fullerton, California",,
"Long Beach, California",,
"Los Angeles, California",,
"Marina, California",,
"Sacramento, California",,
"San Bernardino, California",,
"San Marcos, California",,
"Turlock, California",,
"Orange, California",,
"Claremont, California",,
"Irvine, California",,
"Cypress, California",,
"San Rafael, California",,
"Torrance, California",,
"Quincy, California",,
"Los Altos, California",,
"Fresno, California",,
"Oakland, California",,
"Arcata, California",,
"Atherton, California",,
"Oceanside, California",,
"Modesto, California",,
"Monterey, California",,
"Belmont, California",,
"Malibu, California",,
"San Diego, California",,
"Whittier, California",,
"Moraga, California",,
"San Jose, California",,
"Santa Ana, California",,
"Santa Clara, California",,
"Santa Monica, California",,
"Redding, California",,
"San Bruno, California",,
"Fairfield, California",,
"Ronhert Park, California",,
"Chula Vista, California",,
"Stanford, California",,
"Stockton, California",,
"Berkeley, California",,
"Davis, California",,
"Irvine , California",,
"Merced, California",,
"Santa Barbara, California",,
"Santa Cruz, California",,
"La Verne, California",,
"Redlands, California",,
"Alamosa, Colorado",,
"Littleton, Colorado",,
"Lakewood, Colorado",,
"Colorado Springs, Colorado",,
"Grand Junction, Colorado",,
"Glenwood Springs, Colorado",,
"Golden, Colorado",,
"Fort Collins, Colorado",,
"Pueblo, Colorado",,
"Aurora, Colorado",,
"Denver, Colorado",,
"Durango, Colorado",,
"Westminster, Colorado",,
"Lamar, Colorado",,
"Fort Morgan, Colorado",,
"Sterling, Colorado",,
"La Junta, Colorado",,
"Trinidad, Colorado",,
"Air Force Academy, Colorado",,
"Boulder, Colorado",,
"Greeley, Colorado",,
"Gunnison, Colorado",,
"New Haven, Connecticut",,
"New Britain, Connecticut",,
"New London, Connecticut",,
"Windham, Connecticut",,
"Fairfield, Connecticut",,
"Waterbury, Connecticut",,
"Hamden, Connecticut",,
"Hartford, Connecticut",,
"Farmington, Connecticut",,
"Bridgeport, Connecticut",,
"Storrs, Connecticut",,
"West Hartford, Connecticut",,
"West Haven, Connecticut",,
"Middletown, Connecticut",,
"Danbury, Connecticut",,
"Dover, Delaware",,
"Georgetown, Delaware",,
"Stanton, Delaware",,
"Wilmington, Delaware",,
"Newark, Delaware",,
"New Castle, Delaware",,
"Orlando, Florida",,
"Largo, Florida",,
"Coconut Creek, Florida",,
"Miami, Florida",,
"Ave Maria, Florida",,
"Davie, Florida",,
"Tallahassee, Florida",,
"Casselberry, Florida",,
"New Port Richey, Florida",,
"Daytona Beach, Florida",,
"Perry, Florida",,
"Fort Lauderdale, Florida",,
"Port Charlotte, Florida",,
"Marianna, Florida",,
"Gainesville, Florida",,
"Ocala, Florida",,
"Miramar, Florida",,
"Maitland, Florida",,
"Cocoa , Florida",,
"Saint Petersburg, Florida",,
"Jacksonville, Florida",,
"Tampa, Florida",,
"Boca Raton, Florida",,
"St. Augustine, Florida",,
"Palm Coast, Florida",,
"Temple Terrace, Florida",,
"Lake City, Florida",,
"Fort Myers, Florida",,
"Melbourne, Florida",,
"Miami Gardens, Florida",,
"Hialeah, Florida",,
"Lakeland, Florida",,
"Port Saint Lucie, Florida",,
"Winter Park, Florida",,
"Quincy, Florida",,
"Pensacola, Florida",,
"Panama City, Florida",,
"West Palm Beach, Florida",,
"Immokalee, Florida",,
"Fort Pierce, Florida",,
"North Miami, Florida",,
"Sarasota, Florida",,
"Port St. Lucie, Florida",,
"Eustis, Florida",,
"Leesburg, Florida",,
"Naples, Florida",,
"Madison, Florida",,
"Niceville, Florida",,
"Fort Walton Beach, Florida",,
"Winter Garden, Florida",,
"Lake Worth, Florida",,
"St. Petersburg, Florida",,
"Winter Haven, Florida",,
"Milton, Florida",,
"Live Oak, Florida",,
"Saint Leo, Florida",,
"Sanford, Florida",,
"Hollywood, Florida",,
"Deerfield Beach, Florida",,
"Avon Park, Florida",,
"Palatka, Florida",,
"Bradenton, Florida",,
"DeLand, Florida",,
"Key West, Florida",,
"Trinity, Florida",,
"Lauderhill, Florida",,
"Lake Wales, Florida",,
"Babson Park, Florida",,
"Inverness, Florida",,
"Tifton, Georgia",,
"Decatur, Georgia",,
"Albany, Georgia",,
"Atlanta, Georgia",,
"Augusta, Georgia",,
"Mount Berry, Georgia",,
"Gainesville, Georgia",,
"Morrow, Georgia",,
"Brunswick, Georgia",,
"Columbus, Georgia",,
"Lookout Mountain, Georgia",,
"Dalton, Georgia",,
"Swainsboro, Georgia",,
"Franklin Springs, Georgia",,
"Fort Valley, Georgia",,
"Milledgeville, Georgia",,
"Lawrenceville, Georgia",,
"Rome, Georgia",,
"Statesboro, Georgia",,
"Americus, Georgia",,
"Barnesville, Georgia",,
"Kennesaw, Georgia",,
"LaGrange, Georgia",,
"Macon, Georgia",,
"Demorest, Georgia",,
"Savannah, Georgia",,
"Douglas, Georgia",,
"Athens, Georgia",,
"Dahlonega, Georgia",,
"Carrollton, Georgia",,
"Valdosta, Georgia",,
"Young Harris, Georgia",,
"Mangilao, Guam",,
"Laie, Hawaii",,
"Honolulu, Hawaii",,
"Pearl City, Hawaii",,
"Kahului, Hawaii",,
"Hilo, Hawaii",,
"Kapolei, Hawaii",,
"Boise , Idaho",,
"Rexburg, Idaho",,
"Caldwell, Idaho",,
"Twin Falls, Idaho",,
"Pocatello, Idaho",,
"Lewiston, Idaho",,
"Coeur d'Alene, Idaho",,
"Nampa, Idaho",,
"Moscow, Idaho",,
"Rock Island, Illinois",,
"Aurora, Illinois",,
"Lisle, Illinois",,
"Carlinville, Illinois",,
"Peoria, Illinois",,
"Chicago, Illinois",,
"River Forest, Illinois",,
"Charleston, Illinois",,
"Elmhurst, Illinois",,
"Eureka, Illinois",,
"University Park, Illinois",,
"Greenville, Illinois",,
"Jacksonville, Illinois",,
"Normal, Illinois",,
"Bloomington, Illinois",,
"Centralia, Illinois",,
"Galesburg, Illinois",,
"Lake Forest, Illinois",,
"Mattoon, Illinois",,
"Romeoville, Illinois",,
"Lebanon, Illinois",,
"Downers Grove, Illinois",,
"Decatur, Illinois",,
"Monmouth, Illinois",,
"Naperville, Illinois",,
"Dekalb, Illinois",,
"Evanston, Illinois",,
"Bourbonnais, Illinois",,
"Champaign, Illinois",,
"Elsah, Illinois",,
"Quincy, Illinois",,
"Rockford, Illinois",,
"Harrisburg, Illinois",,
"Carbondale, Illinois",,
"Edwardsville, Illinois",,
"Belleville, Illinois",,
"Springfield, Illinois",,
"Macomb, Illinois",,
"Wheaton, Illinois",,
"Anderson, Indiana",,
"Muncie, Indiana",,
"Indianapolis, Indiana",,
"Greencastle, Indiana",,
"Richmond, Indiana",,
"Franklin, Indiana",,
"Goshen, Indiana",,
"Winona Lake, Indiana",,
"Hanover, Indiana",,
"Terre Haute, Indiana",,
"Bloomington, Indiana",,
"Kokomo, Indiana",,
"Gary, Indiana",,
"South Bend, Indiana",,
"New Albany, Indiana",,
"North Manchester, Indiana",,
"Oakland City, Indiana",,
"West Lafayette, Indiana",,
"Columbus, Indiana",,
"Lafayette, Indiana",,
"Vincennes, Indiana",,
"Fort Wayne, Indiana",,
"Hammond, Indiana",,
"Notre Dame, Indiana",,
"Upland, Indiana",,
"Angola, Indiana",,
"Evansville, Indiana",,
"Valparaiso, Indiana",,
"Crawfordsville, Indiana",,
"Storm Lake, Iowa",,
"Pella, Iowa",,
"Dubuque, Iowa",,
"Cedar Rapids, Iowa",,
"Mount Vernon, Iowa",,
"Sioux Center, Iowa",,
"Des Moines, Iowa",,
"Davenport, Iowa",,
"Iowa Falls, Iowa",,
"Lamoni, Iowa",,
"Grinnell, Iowa",,
"Waterloo, Iowa",,
"Ames, Iowa",,
"Mount Pleasant, Iowa",,
"Decorah, Iowa",,
"Marshalltown, Iowa",,
"Sioux City, Iowa",,
"Orange City, Iowa",,
"Indianola, Iowa",,
"Iowa City, Iowa",,
"Cedar Falls, Iowa",,
"Fayette, Iowa",,
"Waverly, Iowa",,
"Oskaloosa, Iowa",,
"Iola, Kansas",,
"Baldwin City, Kansas",,
"Atchison, Kansas",,
"Lindsborg, Kansas",,
"North Newton, Kansas",,
"El Dorado, Kansas",,
"McPherson, Kansas",,
"Dodge City, Kansas",,
"Emporia, Kansas",,
"Hays, Kansas",,
"Lawrence, Kansas",,
"Hesston, Kansas",,
"Hutchinson, Kansas",,
"Overland Park, Kansas",,
"Manhattan, Kansas",,
"Salina, Kansas",,
"Parsons, Kansas",,
"Whichita, Kansas",,
"Pittsburg, Kansas",,
"Winfield, Kansas",,
"Sterling, Kansas",,
"Leavenworth, Kansas",,
"Topeka, Kansas",,
"Wichita, Kansas",,
"Pippa Passes, Kentucky",,
"Wilmore, Kentucky",,
"Ashland, Kentucky",,
"Florence, Kentucky",,
"Louisville, Kentucky",,
"Berea, Kentucky",,
"Prestonsburg, Kentucky",,
"Lexington, Kentucky",,
"Owensboro, Kentucky",,
"Campbellsville, Kentucky",,
"Danville, Kentucky",,
"Pineville, Kentucky",,
"Richmond, Kentucky",,
"Elizabethtown, Kentucky",,
"Hyden, Kentucky",,
"Hazard, Kentucky",,
"Georgetown, Kentucky",,
"Henderson, Kentucky",,
"Hopkinsville, Kentucky",,
"Grayson, Kentucky",,
"Frankfort, Kentucky",,
"Columbia, Kentucky",,
"Madisonville, Kentucky",,
"Maysville, Kentucky",,
"Midway, Kentucky",,
"Morehead, Kentucky",,
"Murray, Kentucky",,
"Highland Heights, Kentucky",,
"Somerset, Kentucky",,
"Bowling Green, Kentucky",,
"Cumberland, Kentucky",,
"Crestview Hills, Kentucky",,
"Barbourville, Kentucky",,
"Pikeville, Kentucky",,
"Williamsburg, Kentucky",,
"Paducah, Kentucky",,
"Baton Rouge, Louisiana",,
"Bossier City, Louisiana",,
"Shreveport, Louisiana",,
"Alexandria, Louisiana",,
"New Orleans, Louisiana",,
"Schriever, Louisiana",,
"Grambling, Louisiana",,
"Pineville, Louisiana",,
"Monroe, Louisiana",,
"Eunice, Louisiana",,
"Ruston, Louisiana",,
"Lake Charles, Louisiana",,
"Thibodaux, Louisiana",,
"Lacombe, Louisiana",,
"Minden, Louisiana",,
"Natchitoches, Louisiana",,
"Chalmette, Louisiana",,
"Gonzales, Louisiana",,
"Benedict, Louisiana",,
"Lafayette, Louisiana",,
"Hammond, Louisiana",,
"Lewiston, Maine",,
"Brunswick, Maine",,
"Waterville, Maine",,
"Bangor, Maine",,
"Castine, Maine",,
"Standish, Maine",,
"Orono, Maine",,
"Farmington, Maine",,
"Augusta, Maine",,
"Fort Kent, Maine",,
"Machias, Maine",,
"Presque Isle, Maine",,
"Biddeford, Maine",,
"Portland, Maine",,
"Bowie, Maryland",,
"Baltimore, Maryland",,
"Frostburg, Maryland",,
"Frederick, Maryland",,
"Westminster, Maryland",,
"Emmitsburg, Maryland",,
"Salisbury, Maryland",,
"St. Mary's City, Maryland",,
"Stevenson, Maryland",,
"Towson, Maryland",,
"Annapolis, Maryland",,
"Princess Anne, Maryland",,
"Catonsville, Maryland",,
"College Park, Maryland",,
"Chestertown, Maryland",,
"Springfield, Massachusetts",,
"Amherst, Massachusetts",,
"Paxton, Massachusetts",,
"Worcester, Massachusetts",,
"Wellesley, Massachusetts",,
"Longmeadow, Massachusetts",,
"Waltham, Massachusetts",,
"Chestnut Hill, Massachusetts",,
"Boston, Massachusetts",,
"Bridgewater, Massachusetts",,
"Chicopee, Massachusetts",,
"Milton, Massachusetts",,
"Franklin, Massachusetts",,
"Quincy, Massachusetts",,
"Beverly, Massachusetts",,
"Fitchburg, Massachusetts",,
"Framingham, Massachusetts",,
"Needham, Massachusetts",,
"Wenham, Massachusetts",,
"Cambridge, Massachusetts",,
"Newton Centre, Massachusetts",,
"Newton, Massachusetts",,
"North Adams, Massachusetts",,
"Buzzards Bay, Massachusetts",,
"North Andover, Massachusetts",,
"South Hadley, Massachusetts",,
"Dudley, Massachusetts",,
"Weston, Massachusetts",,
"Salem, Massachusetts",,
"Northampton, Massachusetts",,
"Easton, Massachusetts",,
"Medford, Massachusetts",,
"Dartmouth, Massachusetts",,
"Lowell, Massachusetts",,
"Westfield, Massachusetts",,
"Norton, Massachusetts",,
"Williamstown, Massachusetts",,
"Adrian, Michigan",,
"Albion, Michigan",,
"Alma, Michigan",,
"Alpena, Michigan",,
"Berrien Springs, Michigan",,
"Grand Rapids, Michigan",,
"Escanaba, Michigan",,
"Brimley, Michigan",,
"Mount Pleasant, Michigan",,
"Howell, Michigan",,
"Ann Arbor, Michigan",,
"Ypsilanti, Michigan",,
"Big Rapids, Michigan",,
"Hancock, Michigan",,
"Centreville, Michigan",,
"Allendale, Michigan",,
"Lansing, Michigan",,
"Dearborn, Michigan",,
"Hillsdale, Michigan",,
"Holland, Michigan",,
"Jackson, Michigan",,
"Kalamazoo, Michigan",,
"Flint, Michigan",,
"Benton Harbor, Michigan",,
"Sault Ste. Marie, Michigan",,
"Southfield, Michigan",,
"Livonia, Michigan",,
"East Lansing, Michigan",,
"Houghton, Michigan",,
"Harrison, Michigan",,
"Marquette, Michigan",,
"Traverse City, Michigan",,
"Midland, Michigan",,
"Rochester, Michigan",,
"Olivet, Michigan",,
"Rochester Hills, Michigan",,
"University Center, Michigan",,
"Spring Arbor, Michigan",,
"Detroit, Michigan",,
"Alexandria, Minnesota",,
"Anoka, Minnesota",,
"Coon Rapids, Minnesota",,
"Minneapolis, Minnesota",,
"Bemidji, Minnesota",,
"Mankato, Minnesota",,
"Saint Paul, Minnesota",,
"Northfield, Minnesota",,
"Brainerd, Minnesota",,
"Staples, Minnesota",,
"White Bear Lake, Minnesota",,
"St. Joseph, Minnesota",,
"Moorhead, Minnesota",,
"St. Paul, Minnesota",,
"Saint Bonifacius, Minnesota",,
"Rosemount, Minnesota",,
"Cloquet, Minnesota",,
"Saint Peter, Minnesota",,
"Brooklyn Park, Minnesota",,
"Hibbing, Minnesota",,
"Inver Grove Heights, Minnesota",,
"Grand Rapids, Minnesota",,
"Duluth, Minnesota",,
"New Ulm, Minnesota",,
"Virginia, Minnesota",,
"Eveleth, Minnesota",,
"Winona, Minnesota",,
"Fergus Falls, Minnesota",,
"Granite Falls, Minnesota",,
"Bloomington, Minnesota",,
"Thief River Falls, Minnesota",,
"Pine City, Minnesota",,
"International Falls, Minnesota",,
"Willmar, Minnesota",,
"Austin, Minnesota",,
"Rochester, Minnesota",,
"North Mankato, Minnesota",,
"Marshall, Minnesota",,
"St. Cloud, Minnesota",,
"Crookston, Minnesota",,
"Morris, Minnesota",,
"Ely, Minnesota",,
"Lorman, Mississippi",,
"Jackson, Mississippi",,
"Cleveland, Mississippi",,
"Clinton, Mississippi",,
"Moorhead, Mississippi",,
"Mississippi State, Mississippi",,
"Columbus, Mississippi",,
"Itta Bena, Mississippi",,
"Booneville, Mississippi",,
"Holly Springs, Mississippi",,
"Oxford, Mississippi",,
"Hattiesburg, Mississippi",,
"Fayette, Missouri",,
"Point Lookout, Missouri",,
"Neosho, Missouri",,
"Springfield, Missouri",,
"Saint Louis, Missouri",,
"Independence, Missouri",,
"St. Louis, Missouri",,
"Kansas City, Missouri",,
"Jefferson City, Missouri",,
"St. Charles, Missouri",,
"Joplin, Missouri",,
"Rolla, Missouri",,
"St. Joseph, Missouri",,
"Maryville, Missouri",,
"Cape Girardeau, Missouri",,
"Bolivar, Missouri",,
"Sedalia, Missouri",,
"Columbia, Missouri",,
"Kirksville, Missouri",,
"Warrensburg, Missouri",,
"Bellerive Acres, Missouri",,
"Fulton, Missouri",,
"Liberty, Missouri",,
"Helena, Montana",,
"Glendive, Montana",,
"Kalispell, Montana",,
"Great Falls, Montana",,
"Crow Agency, Montana",,
"Miles City, Montana",,
"Bozeman, Montana",,
"Billings, Montana",,
"Havre, Montana",,
"Butte , Montana",,
"Dillon, Montana",,
"Pablo, Montana",,
"Box Elder, Montana",,
"Missoula, Montana",,
"Chadron, Nebraska",,
"Seward, Nebraska",,
"Omaha, Nebraska",,
"Crete, Nebraska",,
"Hastings, Nebraska",,
"Fremont, Nebraska",,
"Lincoln, Nebraska",,
"Peru, Nebraska",,
"Kearney, Nebraska",,
"Wayne, Nebraska",,
"Las Vegas, Nevada",,
"Elko, Nevada",,
"Henderson, Nevada",,
"Reno, Nevada",,
"Carson City, Nevada",,
"Keene, New Hampshire",,
"New London, New Hampshire",,
"Hanover, New Hampshire",,
"Rindge, New Hampshire",,
"Concord, New Hampshire",,
"Portsmouth, New Hampshire",,
"Laconia, New Hampshire",,
"Warner, New Hampshire",,
"Nashua, New Hampshire",,
"Henniker, New Hampshire",,
"Plymouth, New Hampshire",,
"Claremont, New Hampshire",,
"Manchester, New Hampshire",,
"Merrimack, New Hampshire",,
"Durham, New Hampshire",,
"Lebanon, New Hampshire",,
"Berlin, New Hampshire",,
"Woodland Park, New Jersey",,
"Bloomfield, New Jersey",,
"Caldwell, New Jersey",,
"Hackettstown, New Jersey",,
"Madison, New Jersey",,
"Teaneck, New Jersey",,
"Lodi, New Jersey",,
"Lakewood, New Jersey",,
"Union, New Jersey",,
"West Long Branch, New Jersey",,
"Montclair, New Jersey",,
"Jersey City, New Jersey",,
"Newark, New Jersey",,
"Princeton, New Jersey",,
"Mahwah, New Jersey",,
"Lawrenceville , New Jersey",,
"Glassboro, New Jersey",,
"New Brunswick, New Jersey",,
"Camden, New Jersey",,
"Morristown, New Jersey",,
"South Orange, New Jersey",,
"Hoboken, New Jersey",,
"Galloway, New Jersey",,
"Ewing, New Jersey",,
"Trenton, New Jersey",,
"Wayne, New Jersey",,
"Portales, New Mexico",,
"Santa Fe, New Mexico",,
"Crownpoint, New Mexico",,
"Las Vegas, New Mexico",,
"Socorro, New Mexico",,
"Roswell, New Mexico",,
"Las Cruces, New Mexico",,
"Española, New Mexico",,
"Farmington, New Mexico",,
"Albuquerque, New Mexico",,
"Silver City, New Mexico",,
"New York City, New York",,
"Garden City, New York",,
"Queensbury, New York",,
"Albany, New York",,
"Alfred, New York",,
"Annadale-on-Hudson, New York",,
"Syracuse, New York",,
"Getzville, New York",,
"Buffalo, New York",,
"Rochester, New York",,
"Orchard Park, New York",,
"Liverpool, New York",,
"Auburn, New York",,
"Cazenovia, New York",,
"Potsdam, New York",,
"Schenectady, New York",,
"Plattsburgh, New York",,
"Hamilton, New York",,
"Hudson, New York",,
"Bronxville, New York",,
"Ithaca, New York",,
"Hyde Park, New York",,
"Amherst, New York",,
"Johnson City, New York",,
"Orangeburg, New York",,
"Poughkeepsie, New York",,
"Lima, New York",,
"Vestal, New York",,
"Elmira, New York",,
"Farmingdale, New York",,
"Canandaigua, New York",,
"Geneva, New York",,
"Dix Hills, New York",,
"Johnstown, New York",,
"Batavia, New York",,
"Clinton, New York",,
"Oneonta, New York",,
"Herkimer, New York",,
"Hamburg, New York",,
"Hempstead, New York",,
"Houghton, New York",,
"Troy, New York",,
"New Rochelle, New York",,
"Ithaca , New York",,
"Jamestown, New York",,
"Watertown, New York",,
"Keuka Park, New York",,
"Brookville, New York",,
"Purchase, New York",,
"Dobbs Ferry, New York",,
"Utica, New York",,
"Rockville Centre, New York",,
"Newburgh, New York",,
"Seneca Falls, New York",,
"Syosset, New York",,
"Mineola, New York",,
"Old Westbury, New York",,
"Valhalla, New York",,
"Sanborn, New York",,
"Niagara, New York",,
"Middletown, New York",,
"Paul Smiths, New York",,
"Suffern, New York",,
"Brockport, New York",,
"Binghamton, New York",,
"Canton, New York",,
"Cobleskill, New York",,
"Corning, New York",,
"Cortland, New York",,
"Delhi, New York",,
"Saratoga Springs, New York",,
"Geneseo, New York",,
"Morrisville, New York",,
"New Paltz, New York",,
"Oswego, New York",,
"Fredonia, New York",,
"Loudonville, New York",,
"St. Bonaventure, New York",,
"Rocheser, New York",,
"Patchogue, New York",,
"Sparkill, New York",,
"Stony Brook, New York",,
"Selden, New York",,
"Loch Sheldrake, New York",,
"White Plains, New York",,
"Dryden, New York",,
"Stone Ridge, New York",,
"Kings Point, New York",,
"West Point, New York",,
"Glen Cove, New York",,
"Aurora, New York",,
"Pottersville, New York",,
"Boone, North Carolina",,
"Wilson, North Carolina",,
"Belmont, North Carolina",,
"Brevard, North Carolina",,
"Bules Creek, North Carolina",,
"Charlotte, North Carolina",,
"Salisbury, North Carolina",,
"Murfreesboro, North Carolina",,
"Davidson, North Carolina",,
"Durham, North Carolina",,
"Greenville, North Carolina",,
"Elizabeth City, North Carolina",,
"Elon, North Carolina",,
"Fayetteville, North Carolina",,
"Boiling Springs, North Carolina",,
"Greensboro, North Carolina",,
"High Point, North Carolina",,
"Banner Elk, North Carolina",,
"Hickory, North Carolina",,
"Mars Hill, North Carolina",,
"Raleigh, North Carolina",,
"Montreat, North Carolina",,
"Rocky Mount, North Carolina",,
"Misenheimer, North Carolina",,
"Winston-Salem, North Carolina",,
"Mount Olive, North Carolina",,
"Asheville, North Carolina",,
"Winston Salem, North Carolina",,
"Wilmington, North Carolina",,
"Chapel Hill, North Carolina",,
"Pembroke, North Carolina",,
"Swannanoa, North Carolina",,
"Cullowhee, North Carolina",,
"Wingate, North Carolina",,
"Bismarck, North Dakota",,
"Bottineau, North Dakota",,
"Dickinson, North Dakota",,
"Devils Lake, North Dakota",,
"Mayville, North Dakota",,
"Minot, North Dakota",,
"Wahpeton, North Dakota",,
"Fargo, North Dakota",,
"New Town, North Dakota",,
"Fort Yates, North Dakota",,
"Grand Forks, North Dakota",,
"Valley City, North Dakota",,
"Williston, North Dakota",,
"Dayton, Ohio",,
"Ashland, Ohio",,
"Berea, Ohio",,
"Bluffton, Ohio",,
"Bowling Green, Ohio",,
"Huron, Ohio",,
"Columbus, Ohio",,
"Cleveland, Ohio",,
"Cedarville, Ohio",,
"Wilberforce, Ohio",,
"Springfield, Ohio",,
"Defiance, Ohio",,
"Granville, Ohio",,
"Steubenville, Ohio",,
"Tiffin, Ohio",,
"Hiram, Ohio",,
"University Heights, Ohio",,
"Kent, Ohio",,
"Burton, Ohio",,
"Ashtabula, Ohio",,
"East Liverpool, Ohio",,
"Salem, Ohio",,
"North Canton, Ohio",,
"Warren, Ohio",,
"New Philadelphia, Ohio",,
"Gambier, Ohio",,
"Painesville, Ohio",,
"Elyria, Ohio",,
"Sylvania, Ohio",,
"Canton, Ohio",,
"Marietta, Ohio",,
"Oxford, Ohio",,
"Cincinnati, Ohio",,
"New Concord, Ohio",,
"Mansfield, Ohio",,
"Rootstown, Ohio",,
"Oberlin, Ohio",,
"Ada, Ohio",,
"Athens, Ohio",,
"Chillicothe, Ohio",,
"St. Clairesville, Ohio",,
"Lancaster, Ohio",,
"Irontown, Ohio",,
"Zanesville, Ohio",,
"Delaware, Ohio",,
"Westerville, Ohio",,
"Portsmouth, Ohio",,
"Fremont, Ohio",,
"Wooster, Ohio",,
"Findlay, Ohio",,
"Akron, Ohio",,
"Alliance, Ohio",,
"Toledo, Ohio",,
"Pepper Pike, Ohio",,
"Wilmington, Ohio",,
"Celina, Ohio",,
"Youngstown, Ohio",,
"Lawton, Oklahoma",,
"Ada, Oklahoma",,
"Langston, Oklahoma",,
"Tahlequah, Oklahoma",,
"Tonkawa, Oklahoma",,
"Alva, Oklahoma",,
"Shawnee, Oklahoma",,
"Edmond, Oklahoma",,
"Oklahoma City, Oklahoma",,
"Goodwell, Oklahoma",,
"Stillwater, Oklahoma",,
"Tulsa, Oklahoma",,
"Okmulgee, Oklahoma",,
"Claremore, Oklahoma",,
"Midwest City, Oklahoma",,
"Durant, Oklahoma",,
"Bethany, Oklahoma",,
"Weatherford, Oklahoma",,
"Norman, Oklahoma",,
"Chickasha, Oklahoma",,
"La Grande, Oregon",,
"Newberg, Oregon",,
"Eugene, Oregon",,
"Portland, Oregon",,
"McMinnville, Oregon",,
"Klamath Falls , Oregon",,
"Corvallis, Oregon",,
"Bend, Oregon",,
"Forest Grove, Oregon",,
"Ashland, Oregon",,
"Mounmouth, Oregon",,
"Salem, Oregon",,
"Reading, Pennsylvania",,
"Meadville, Pennsylvania",,
"Glenslide, Pennsylvania",,
"Bloomsburg, Pennsylvania",,
"Bryn Athyn, Pennsylvania",,
"Bryn Mawr, Pennsylvania",,
"Lewisburg, Pennsylvania",,
"Radnor, Pennsylvania",,
"Langhorne, Pennsylvania",,
"California, Pennsylvania",,
"Pittsburgh, Pennsylvania",,
"Allentown, Pennsylvania",,
"Philadelphia, Pennsylvania",,
"Cheyney, Pennsylvania",,
"Clarion, Pennsylvania",,
"South Abington Township, Pennsylvania",,
"Center Valley, Pennsylvania",,
"Doylestown, Pennsylvania",,
"Carlisle, Pennsylvania",,
"East Stroudsburg, Pennsylvania",,
"St. Davids, Pennsylvania",,
"Edinboro, Pennsylvania",,
"Elizabethtown, Pennsylvania",,
"Lancaster, Pennsylvania",,
"Erie, Pennsylvania",,
"Beaver Falls, Pennsylvania",,
"Gettysburg, Pennsylvania",,
"Grove City, Pennsylvania",,
"Gwynedd Valley, Pennsylvania",,
"Haverford, Pennsylvania",,
"Immaculata, Pennsylvania",,
"Indiana, Pennsylvania",,
"Huntingdon, Pennsylvania",,
"La Plume, Pennsylvania",,
"Wilkes-Barre, Pennsylvania",,
"Kutztown, Pennsylvania",,
"Easton, Pennsylvania",,
"Annville, Pennsylvania",,
"Bethlehem, Pennsylvania",,
"Lincoln University, Pennsylvania",,
"Lock Haven, Pennsylvania",,
"Williamsport, Pennsylvania",,
"Mansfield, Pennsylvania",,
"Scranton, Pennsylvania",,
"Mechanicsburg, Pennsylvania",,
"Millersville, Pennsylvania",,
"Dallas, Pennsylvania",,
"Cresson, Pennsylvania",,
"Aston, Pennsylvania",,
"State College, Pennsylvania",,
"Abington, Pennsylvania",,
"Altoona, Pennsylvania",,
"Monaca, Pennsylvania",,
"Media, Pennsylvania",,
"Hershey, Pennsylvania",,
"Carlisle , Pennsylvania",,
"Dubois, Pennsylvania",,
"Lemont Furnace, Pennsylvania",,
"Malvern, Pennsylvania",,
"McKeesport, Pennsylvania",,
"Middletown, Pennsylvania",,
"Hazleton, Pennsylvania",,
"Mont Alto, Pennsylvania",,
"New Kensington, Pennsylvania",,
"Schuylkill Haven, Pennsylvania",,
"Dunmore, Pennsylvania",,
"Sharon, Pennsylvania",,
"Lehman, Pennsylvania",,
"York, Pennsylvania",,
"Moon Township, Pennsylvania",,
"Rosemont, Pennsylvania",,
"Loretto, Pennsylvania",,
"Latrobe, Pennsylvania",,
"Greensburg, Pennsylvania",,
"Shippensburg, Pennsylvania",,
"Slippery Rock, Pennsylvania",,
"Selinsgrove, Pennsylvania",,
"Swarthmore, Pennsylvania",,
"Greenville, Pennsylvania",,
"Johnstown, Pennsylvania",,
"Bradford, Pennsylvania",,
"Phoenixville, Pennsylvania",,
"Collegeville, Pennsylvania",,
"Villanova, Pennsylvania",,
"Washington, Pennsylvania",,
"Waynesburg, Pennsylvania",,
"West Chester, Pennsylvania",,
"New Wilmington, Pennsylvania",,
"Chester, Pennsylvania",,
"Chambersburg, Pennsylvania",,
"San Juan, Puerto Rico",,
"Aguadilla, Puerto Rico",,
"Arecibo, Puerto Rico",,
"Bayamon, Puerto Rico",,
"Carolina, Puerto Rico",,
"Cayey, Puerto Rico",,
"Humacao, Puerto Rico",,
"Ponce, Puerto Rico",,
"Rio Piedras, Puerto Rico",,
"Utuado, Puerto Rico",,
"Providence, Rhode Island",,
"Smithfield, Rhode Island",,
"Bristol, Rhode Island",,
"Newport, Rhode Island",,
"Kingston, Rhode Island",,
"Anderson, South Carolina",,
"Columbia, South Carolina",,
"Greenville, South Carolina",,
"North Charleston, South Carolina",,
"Orangeburg, South Carolina",,
"Clemson, South Carolina",,
"Conway, South Carolina",,
"Hartsville, South Carolina",,
"Charleston, South Carolina",,
"Spartanburg, South Carolina",,
"Due West, South Carolina",,
"Florence, South Carolina",,
"Greenwood, South Carolina",,
"Gaffney, South Carolina",,
"Newberry, South Carolina",,
"Tigerville, South Carolina",,
"Clinton, South Carolina",,
"Central, South Carolina",,
"Pendleton, South Carolina",,
"Aiken, South Carolina",,
"Blufton, South Carolina",,
"Rock Hill, South Carolina",,
"Sioux Falls, South Dakota",,
"Spearfish, South Dakota",,
"Madison, South Dakota",,
"Yankton, South Dakota",,
"Aberdeen, South Dakota",,
"Kyle , South Dakota",,
"Mission, South Dakota",,
"Rapid City , South Dakota",,
"Brookings, South Dakota",,
"Vermillion, South Dakota",,
"Clarksville, Tennessee",,
"Nashville, Tennessee",,
"McKenzie, Tennessee",,
"Jefferson City, Tennessee",,
"Chattanooga, Tennessee",,
"Memphis, Tennessee",,
"Cleveland, Tennessee",,
"Columbia, Tennessee",,
"Lebanon, Tennessee",,
"Dyersburg, Tennessee",,
"Johnson City, Tennessee",,
"Jackson, Tennessee",,
"Bristol, Tennessee",,
"Harrogate, Tennessee",,
"Maryville, Tennessee",,
"Murfreesboro, Tennessee",,
"Milligan College, Tennessee",,
"Tullahoma, Tennessee",,
"Blountville, Tennessee",,
"Knoxville, Tennessee",,
"Harriman, Tennessee",,
"Collegedale, Tennessee",,
"Athens, Tennessee",,
"Covington, Tennessee",,
"Crossville, Tennessee",,
"Crump, Tennessee",,
"Dickson, Tennessee",,
"Elizabethton, Tennessee",,
"Hartsville, Tennessee",,
"Hohenwald, Tennessee",,
"Jacksboro, Tennessee",,
"Livingston, Tennessee",,
"McMinnville, Tennessee",,
"Morristown, Tennessee",,
"Newbern, Tennessee",,
"Huntsville, Tennessee",,
"Paris, Tennessee",,
"Pulaski, Tennessee",,
"Ripley, Tennessee",,
"Shelbyville, Tennessee",,
"Whiteville, Tennessee",,
"Cookeville, Tennessee",,
"Sewanee, Tennessee",,
"Greenville, Tennessee",,
"Chattanooga , Tennessee",,
"Martin, Tennessee",,
"Gallatin, Tennessee",,
"Abilene, Texas",,
"San Angelo, Texas",,
"Sherman, Texas",,
"Austin, Texas",,
"Waco, Texas",,
"Brenham, Texas",,
"Richwood, Texas",,
"McKinney, Texas",,
"Dallas, Texas",,
"Marshall, Texas",,
"Galveston, Texas",,
"Dension, Texas",,
"Hillsboro, Texas",,
"Houston, Texas",,
"Brownwood, Texas",,
"Beaumont, Texas",,
"Laredo, Texas",,
"Longview, Texas",,
"Lubbock, Texas",,
"Midland, Texas",,
"Wichita Falls, Texas",,
"Odessa, Texas",,
"Prairie View, Texas",,
"Huntsville, Texas",,
"Kerriville, Texas",,
"Levelland, Texas",,
"McAllen, Texas",,
"Georgetown, Texas",,
"San Antonio, Texas",,
"Nacogdoches, Texas",,
"Alpine, Texas",,
"Stephenville, Texas",,
"Texarkana, Texas",,
"College Station, Texas",,
"Kileen, Texas",,
"Commerce, Texas",,
"Corpus Christi, Texas",,
"Kingsville, Texas",,
"Fort Worth, Texas",,
"Tyler, Texas",,
"Seguin, Texas",,
"San Marcos, Texas",,
"El Paso, Texas",,
"Denton, Texas",,
"San Antonia, Texas",,
"Irving, Texas",,
"Victoria, Texas",,
"Belton, Texas",,
"Edinburg, Texas",,
"Arlington, Texas",,
"Plainview, Texas",,
"Canyon, Texas",,
"Provo, Utah",,
"St. George, Utah",,
"Salt Lake City, Utah",,
"Ephraim, Utah",,
"Cedar City, Utah",,
"Logan, Utah",,
"Orem, Utah",,
"Ogden, Utah",,
"Bennington, Vermont",,
"Castleton, Vermont",,
"Burlington, Vermont",,
"Montpelier, Vermont",,
"Plainfield, Vermont",,
"Putney, Vermont",,
"Middlebury, Vermont",,
"Johnson, Vermont",,
"Lyndonville, Vermont",,
"Northfield, Vermont",,
"Colchester, Vermont",,
"Craftsbury Common, Vermont",,
"South Royalton, Vermont",,
"Randolph, Vermont",,
"Charlotte Amalie, Virgin Islands",,
"Danville, Virginia",,
"Bluefield, Virginia",,
"Bridgewater, Virginia",,
"Newport News, Virginia",,
"Harrisonburg, Virginia",,
"Norfolk, Virginia",,
"Emory, Virginia",,
"Ferrum, Virginia",,
"Fairfax, Virginia",,
"Hampden-Sydney, Virginia",,
"Hampton, Virginia",,
"Roanoke, Virginia",,
"Lynchburg, Virginia",,
"Farmville, Virginia",,
"Staunton, Virginia",,
"Arlington, Virginia",,
"Radford, Virginia",,
"Ashland, Virginia",,
"Salem, Virginia",,
"Winchester, Virginia",,
"Buena Vista, Virginia",,
"Sweet Briar, Virginia",,
"Fredericksburg, Virginia",,
"Richmond, Virginia",,
"Charlottesville, Virginia",,
"Wise, Virginia",,
"Abingdon, Virginia",,
"Lexington, Virginia",,
"Petersburg, Virginia",,
"Blacksburg, Virginia",,
"Virginia Beach, Virginia",,
"Williamsburg, Virginia",,
"Washington, Washington, D.C.",,
"Bellevue, Washington",,
"Bellingham, Washington",,
"Bothell, Washington",,
"Ellensburg, Washington",,
"Centralia, Washington",,
"Vancouver, Washington",,
"Lakewood, Washington",,
"Pasco, Washington",,
"Cheney, Washington",,
"Lynnwood, Washington",,
"Everett, Washington",,
"Olympia, Washington",,
"Spokane, Washington",,
"Aberdeen, Washington",,
"Auburn, Washington",,
"Des Moines, Washington",,
"Kirkland, Washington",,
"Longview, Washington",,
"Seattle, Washington",,
"Bremerton, Washington",,
"Tacoma, Washington",,
"Port Angeles, Washington",,
"Renton, Washington",,
"Lacey, Washington",,
"Mount Vernon, Washington",,
"Walla Walla, Washington",,
"Pullman, Washington",,
"Wenatchee, Washington",,
"Yakima, Washington",,
"Philippi, West Virginia",,
"Bethany, West Virginia",,
"Bluefield, West Virginia",,
"Athens, West Virginia",,
"Elkins, West Virginia",,
"Fairmont, West Virginia",,
"Glenville , West Virginia",,
"Huntington, West Virginia",,
"Vienna, West Virginia",,
"Keyser, West Virginia",,
"Salem, West Virginia",,
"Shepherdstown, West Virginia",,
"Charleston, West Virginia",,
"West Liberty, West Virginia",,
"Lewisburg, West Virginia",,
"Institute, West Virginia",,
"Morgantown, West Virginia",,
"Montgomery, West Virginia",,
"Parkersburg, West Virginia",,
"Buckhannon, West Virginia",,
"Wheeling, West Virginia",,
"Milwaukee, Wisconsin",,
"Beloit, Wisconsin",,
"Waukesha, Wisconsin",,
"Kenosha, Wisconsin",,
"Mequon, Wisconsin",,
"Madison, Wisconsin",,
"Plymouth, Wisconsin",,
"Appleton, Wisconsin",,
"Watertown, Wisconsin",,
"Fond Du Lac, Wisconsin",,
"Ashland, Wisconsin",,
"Ripon, Wisconsin",,
"De Pere, Wisconsin",,
"Eau Claire, Wisconsin",,
"Green Bay, Wisconsin",,
"La Crosse, Wisconsin",,
"Oshkosh, Wisconsin",,
"Somers, Wisconsin",,
"Platteville, Wisconsin",,
"River Falls, Wisconsin",,
"Stevens Point, Wisconsin",,
"Menomonie, Wisconsin",,
"Superior, Wisconsin",,
"Whitewater, Wisconsin",,
"Casper, Wyoming",,
"Torrington, Wyoming",,
"Laramie, Wyoming",,
"Rock Springs, Wyoming",,
